{"packages/cupertino_icons/assets/CupertinoIcons.ttf":["packages/cupertino_icons/assets/CupertinoIcons.ttf"],"packages/map_launcher/assets/icons/amap.png":["packages/map_launcher/assets/icons/amap.png"],"packages/map_launcher/assets/icons/apple.png":["packages/map_launcher/assets/icons/apple.png"],"assets/images/avatar.png":["assets/images/avatar.png"],"packages/map_launcher/assets/icons/baidu.png":["packages/map_launcher/assets/icons/baidu.png"],"assets/images/calificacion.jpeg":["assets/images/calificacion.jpeg"],"assets/images/calificacion.jpg":["assets/images/calificacion.jpg"],"assets/images/conectcarga.png":["assets/images/conectcarga.png"],"packages/map_launcher/assets/icons/google.png":["packages/map_launcher/assets/icons/google.png"],"assets/images/iconoDesktop.png":["assets/images/iconoDesktop.png"],"assets/images/logo2.png":["assets/images/logo2.png"],"assets/images/logoSplash.png":["assets/images/logoSplash.png"],"assets/images/logo_conectcarga.png":["assets/images/logo_conectcarga.png"],"packages/map_launcher/assets/icons/waze.png":["packages/map_launcher/assets/icons/waze.png"],"packages/map_launcher/assets/icons/yandexMaps.png":["packages/map_launcher/assets/icons/yandexMaps.png"],"packages/map_launcher/assets/icons/yandexNavi.png":["packages/map_launcher/assets/icons/yandexNavi.png"]}